encoder,average_time,stdev_time,success_rate,average_mrr,stdev_mrr,carbon_emissions(g_CO2eq)
all-mpnet-base-v2,0.060942753140654275,0.013577061634874883,0.3152804642166344,0.7734351145038167,0.2842925954098024,0.21016080051346117
all-MiniLM-L12-v2,0.037689546763151165,0.008286258397538663,0.37054860442733395,0.822354694485842,0.2592315843074601,0.3864899275834716
LaBSE,0.03985827349234319,0.00891579157466437,0.527536231884058,0.8694956949569496,0.22900376778294212,0.5450202383069106
