encoder,average_time,stdev_time,success_rate,average_mrr,stdev_mrr,carbon_emissions(g_CO2eq)
all-mpnet-base-v2,0.024643053477647895,0.008299320431058566,0.30422264875239924,0.7891679748822606,0.2683377056170044,0.10435535559319568
all-MiniLM-L12-v2,0.029418960657403747,0.010598364760879083,0.3659942363112392,0.8210300429184549,0.24483448116002343,0.20393762146829886
LaBSE,0.030900992567722614,0.011162539726262261,0.55,0.8762998790810157,0.22004698383944657,0.3365955992892775
