encoder,average_time,stdev_time,success_rate,average_mrr,stdev_mrr,carbon_emissions(g_CO2eq)
all-mpnet-base-v2,0.032553132788524,0.011014653487007298,0.315028901734104,0.7862992125984252,0.2813072322409272,0.13568887295740323
all-MiniLM-L12-v2,0.028831195922822274,0.010320842932688734,0.3618042226487524,0.822354694485842,0.2552864343365842,0.25143930194481134
LaBSE,0.030436480171770117,0.01110928112884096,0.5207328833172613,0.8641532756489493,0.23357013118219913,0.3735353860304176
