encoder,average_time,stdev_time,success_rate,average_mrr,stdev_mrr,carbon_emissions(g_CO2eq)
all-mpnet-base-v2,0.04569927981642426,0.012128494127816337,0.30665380906460943,0.78027950310559,0.28041168826137414,0.1770456665105463
all-MiniLM-L12-v2,0.05707584085766215,0.008399793107185699,0.3815915627996165,0.8215714285714286,0.25948190767919577,0.3714170402865106
LaBSE,0.057348367119933734,0.010967281607716026,0.5412667946257198,0.8688725490196079,0.23728878304378928,0.6271796465492273
