encoder,average_time,stdev_time,success_rate,average_mrr,stdev_mrr,carbon_emissions(g_CO2eq)
all-mpnet-base-v2,0.04311683409711968,0.009040147713955723,0.3108758421559192,0.7779160186625195,0.2813142483625524,0.1789136466230033
all-MiniLM-L12-v2,0.03889558918174656,0.0093537367295453,0.35153256704980845,0.8109809663250366,0.2617548570877635,0.32370086777752954
LaBSE,0.037642895947014234,0.008955940412036989,0.5383141762452107,0.8677575757575757,0.23161094637247354,0.47967400321410425
