encoder,average_time,stdev_time,success_rate,average_mrr,stdev_mrr,carbon_emissions(g_CO2eq)
all-mpnet-base-v2,0.0427370160790169,0.009394129356555042,0.5913776944704779,0.8814562002275312,0.22925981735551132,0.16709041416346326
all-MiniLM-L12-v2,0.03872251084872654,0.008361603797239284,0.625,0.9019977802441731,0.2008769772648603,0.3137397447301879
LaBSE,0.05152580659714103,0.012779113980532681,0.7943661971830986,0.9286286286286286,0.1969741578454877,0.49984023320986837
