encoder,average_time,stdev_time,success_rate,average_mrr,stdev_mrr,carbon_emissions(g_CO2eq)
all-mpnet-base-v2,0.03240542196487326,0.012051151112254951,0.5710253998118533,0.8693530079455165,0.239821266814497,0.13867840882768495
all-MiniLM-L12-v2,0.03058665565082005,0.011061431796479865,0.6221804511278195,0.9013452914798207,0.20183886865607398,0.265508723938611
LaBSE,0.030430971127804195,0.010833800745222019,0.780373831775701,0.9163405088062623,0.2064036380615172,0.38902348472841203
