encoder,average_time,stdev_time,success_rate,average_mrr,stdev_mrr,carbon_emissions(g_CO2eq)
all-mpnet-base-v2,0.04289214364413557,0.008719591770098794,0.3055555555555556,0.7758139534883721,0.2771379280637305,0.1782620233475016
all-MiniLM-L12-v2,0.03938371990874453,0.008588664673060475,0.3515850144092219,0.8052173913043478,0.259454651331758,0.32015826976632195
LaBSE,0.04187783276017537,0.011878639604141029,0.548418024928092,0.8781057810578106,0.22669797974014314,0.4758736903329859
