encoder,average_time,stdev_time,success_rate,average_mrr,stdev_mrr,carbon_emissions(g_CO2eq)
all-mpnet-base-v2,0.03344996650263948,0.011773928250977455,0.7650943396226415,0.930082135523614,0.18199701111455982,0.14594600916455522
all-MiniLM-L12-v2,0.03047264240239725,0.010444469695397692,0.7747408105560791,0.9388028895768834,0.1677544057627064,0.26249083476177915
LaBSE,0.03126696805308636,0.011240247397127295,0.9050751879699248,0.9510818438381938,0.1707859749144589,0.3866541340856604
