encoder,average_time,stdev_time,success_rate,average_mrr,stdev_mrr,carbon_emissions(g_CO2eq)
all-mpnet-base-v2,0.034201810494908745,0.012437689270362652,0.5764150943396227,0.8709567198177677,0.23567123466789383,0.14509048990055046
all-MiniLM-L12-v2,0.029246153239917038,0.010255048375683895,0.6080827067669173,0.8954954954954955,0.20567479606997033,0.2588262579408193
LaBSE,0.02968539679161856,0.010788251588598795,0.8,0.9172178988326848,0.21109729361511848,0.37857581421022246
