encoder,average_time,stdev_time,success_rate,average_mrr,stdev_mrr,carbon_emissions(g_CO2eq)
all-mpnet-base-v2,0.04075032607057041,0.00930971577488361,0.7669172932330827,0.9224696356275304,0.2007109301869822,0.20186760199116066
all-MiniLM-L12-v2,0.03700934111959741,0.008530302192127873,0.7815442561205274,0.9386340468909277,0.17055063771003567,0.3506782672006792
LaBSE,0.03870114515412529,0.00905612324376965,0.9,0.949763481551561,0.17435606873010998,0.5020772031309648
