encoder,average_time,stdev_time,success_rate,average_mrr,stdev_mrr,carbon_emissions(g_CO2eq)
all-mpnet-base-v2,0.04148785463907897,0.00896510600203802,0.32341650671785027,0.7782012195121951,0.28823833818831934,0.16642880008839583
all-MiniLM-L12-v2,0.03785847303254,0.008321790981897788,0.3839458413926499,0.8187142857142857,0.2553710388116156,0.31446914099555695
LaBSE,0.040595110900599606,0.008831234418263246,0.5327552986512524,0.8724938875305623,0.2233359859738028,0.4606878838092191
