encoder,average_time,stdev_time,success_rate,average_mrr,stdev_mrr,carbon_emissions(g_CO2eq)
all-mpnet-base-v2,0.03225755915185524,0.011453385067446297,0.5600375234521576,0.8723976608187135,0.23119834645679863,0.13818787051255516
all-MiniLM-L12-v2,0.030159482830449155,0.010397166119683884,0.6127819548872181,0.9004469273743017,0.19328729653914647,0.2568893843262833
LaBSE,0.030956709396090593,0.011108613500766402,0.7806935332708529,0.9203171456888007,0.20131881282730144,0.39149826852933794
