encoder,average_time,stdev_time,success_rate,average_mrr,stdev_mrr,carbon_emissions(g_CO2eq)
all-mpnet-base-v2,0.04233916780653711,0.008692101426743027,0.5750708215297451,0.8711009174311927,0.23919051949135017,0.18040967713285258
all-MiniLM-L12-v2,0.050942185889469103,0.01271505131930639,0.6235955056179775,0.903954802259887,0.20201518185883882,0.3472880881238613
LaBSE,0.03879469392445166,0.008792653640182899,0.7962441314553991,0.9255213505461768,0.1959178360945309,0.5290483796024382
