encoder,average_time,stdev_time,success_rate,average_mrr,stdev_mrr,carbon_emissions(g_CO2eq)
all-mpnet-base-v2,0.041024938576196796,0.008516165241809473,0.5700846660395108,0.8635746606334842,0.2420820973788554,0.17312874085102598
all-MiniLM-L12-v2,0.03893578723492363,0.009431205798639009,0.6088180112570356,0.8965870307167235,0.2074625994566051,0.3166480042916542
LaBSE,0.03895455509200132,0.00856714025582311,0.793233082706767,0.9357433808553971,0.18516710730279934,0.47481812472862184
