encoder,average_time,stdev_time,success_rate,average_mrr,stdev_mrr,carbon_emissions(g_CO2eq)
all-mpnet-base-v2,0.043116125853165335,0.008582465160793333,0.3285024154589372,0.7752994011976048,0.2876322200877788,0.18063615109308723
all-MiniLM-L12-v2,0.03992334356630482,0.009173751510111482,0.36038647342995167,0.7998546511627908,0.27012850859799026,0.3243122349913399
LaBSE,0.039070147945832794,0.008573364638574311,0.5369836695485111,0.8723507917174178,0.2261619400707545,0.4757947077872176
