encoder,average_time,stdev_time,success_rate,average_mrr,stdev_mrr,carbon_emissions(g_CO2eq)
all-mpnet-base-v2,0.049353968013416634,0.014035904995156024,0.28239845261121854,0.7588597842835131,0.2846146307294515,0.24128870805808153
all-MiniLM-L12-v2,0.038307883606251036,0.008727275424903074,0.371868978805395,0.8087988826815643,0.26187747906360315,0.3891279247923487
LaBSE,0.038696944999878045,0.008720019803335245,0.5379442843419788,0.8690821256038648,0.23057811371449405,0.5387440851246239
