encoder,average_time,stdev_time,success_rate,average_mrr,stdev_mrr,carbon_emissions(g_CO2eq)
all-mpnet-base-v2,0.032812921955900375,0.011919053447958131,0.7632075471698113,0.9258426966292135,0.1912080307352953,0.13760656050519207
all-MiniLM-L12-v2,0.030263034979800568,0.011187948020050164,0.800187617260788,0.948,0.1605739193421375,0.2560220252516735
LaBSE,0.03012620636556009,0.011275356822215246,0.9054820415879017,0.9506172839506173,0.17558186472951479,0.3781367401107257
