encoder,average_time,stdev_time,success_rate,average_mrr,stdev_mrr,carbon_emissions(g_CO2eq)
all-mpnet-base-v2,0.05320905984970569,0.014485460015671955,0.7663197729422895,0.9150353178607468,0.21020906804118203,0.2452847480947769
all-MiniLM-L12-v2,0.04003319780667324,0.009282471099486945,0.7779868297271872,0.941804979253112,0.16770783617263307,0.40961267358587494
LaBSE,0.038882968573364485,0.008821723077943358,0.9033771106941839,0.9532455315145814,0.16679741458013211,0.5638076009982669
