encoder,average_time,stdev_time,success_rate,average_mrr,stdev_mrr,carbon_emissions(g_CO2eq)
all-mpnet-base-v2,0.03660910388349227,0.007671906092314682,0.30547550432276654,0.7537335285505125,0.29417108429630673,0.16114596296333203
all-MiniLM-L12-v2,0.038730454834233555,0.010723387067218716,0.37367915465898177,0.8255474452554744,0.24997929653463127,0.31552123205118116
LaBSE,0.03497812120538009,0.00841551333389301,0.5330143540669856,0.8767726161369194,0.22159618932172823,0.463921836254826
