encoder,average_time,stdev_time,success_rate,average_mrr,stdev_mrr,carbon_emissions(g_CO2eq)
all-mpnet-base-v2,0.03278658032754364,0.011799713918243046,0.7728557964184731,0.9298568507157464,0.18761057458499175,0.1387224511717518
all-MiniLM-L12-v2,0.02967952022211572,0.011319951915423716,0.7920978363123237,0.945854657113613,0.1596798518389517,0.26031437818131037
LaBSE,0.029473425193736285,0.010647242142708055,0.8953817153628653,0.9504752851711027,0.1741357956202112,0.3803310272029689
