encoder,average_time,stdev_time,success_rate,average_mrr,stdev_mrr,carbon_emissions(g_CO2eq)
all-mpnet-base-v2,0.04457694807446989,0.00903097081782768,0.7453007518796992,0.9175935288169869,0.19381601682816113,0.17738683677053158
all-MiniLM-L12-v2,0.040928747196842856,0.009280076508599761,0.7922932330827067,0.944963655244029,0.17091861909505726,0.3241446741105841
LaBSE,0.038753411362371544,0.008290734505381783,0.898961284230406,0.9547459252157239,0.1660307988627416,0.4791423160345606
