encoder,average_time,stdev_time,success_rate,average_mrr,stdev_mrr,carbon_emissions(g_CO2eq)
all-mpnet-base-v2,0.04186682400281371,0.009628152426764219,0.7580037664783428,0.92829417773238,0.1816934970435294,0.17204166605314156
all-MiniLM-L12-v2,0.03919420165907764,0.009027049062508804,0.7803958529688972,0.9410973084886128,0.17057791695998134,0.31655152697603556
LaBSE,0.03941819119341496,0.00855293215283378,0.9042253521126761,0.9489242282507016,0.177348508076433,0.4765541848686016
