encoder,average_time,stdev_time,success_rate,average_mrr,stdev_mrr,carbon_emissions(g_CO2eq)
all-mpnet-base-v2,0.03958115927163752,0.008124890074062262,0.31822565091610416,0.7737404580152671,0.28896190842864683,0.16425013361365537
all-MiniLM-L12-v2,0.046237096666481924,0.011958954811547715,0.3736689254598258,0.8088483146067416,0.26644045156587887,0.32847044841922646
LaBSE,0.05287492240751261,0.014393232018584402,0.5294117647058824,0.8717948717948718,0.2232195558097873,0.5709696068877079
