encoder,average_time,stdev_time,success_rate,average_mrr,stdev_mrr,carbon_emissions(g_CO2eq)
all-mpnet-base-v2,0.05513402223587036,0.015258176055474533,0.7716981132075472,0.9319630010277492,0.18485883466343847,0.19933800291380355
all-MiniLM-L12-v2,0.0405034870611509,0.010271940233931772,0.7888784165881244,0.9391084093211752,0.1675815789357016,0.4099714528321564
LaBSE,0.037023932136074134,0.008497803987320359,0.9073724007561437,0.9533206831119545,0.1703116455467437,0.55996711992322
