encoder,average_time,stdev_time,success_rate,average_mrr,stdev_mrr,carbon_emissions(g_CO2eq)
all-mpnet-base-v2,0.041443684958871296,0.00898130049323837,0.7724268177525968,0.9333333333333333,0.1743793659390529,0.17689790366313235
all-MiniLM-L12-v2,0.04010012680885351,0.00967279402981894,0.7943127962085308,0.9456701030927835,0.161988464319978,0.32231235611978304
LaBSE,0.04071622750812903,0.009067897422037216,0.9069548872180451,0.9510377358490566,0.17606778914518176,0.48802241140188024
