encoder,average_time,stdev_time,success_rate,average_mrr,stdev_mrr,carbon_emissions(g_CO2eq)
all-mpnet-base-v2,0.04194739215181902,0.009011134530057452,0.7601895734597156,0.9219037871033777,0.19915615772509643,0.17347678160931418
all-MiniLM-L12-v2,0.039414140188469074,0.00904536105708049,0.7905660377358491,0.9383435582822086,0.1779909390251177,0.3158818928350161
LaBSE,0.041501325891334755,0.008887303612395366,0.9019792648444863,0.9517013232514178,0.16981802720392153,0.47588132904174985
