encoder,average_time,stdev_time,success_rate,average_mrr,stdev_mrr,carbon_emissions(g_CO2eq)
all-mpnet-base-v2,0.04160379648432066,0.00881913189876362,0.5745079662605436,0.8651241534988713,0.24562231891980524,0.20149643746228343
all-MiniLM-L12-v2,0.03960938732053825,0.008762357552503987,0.6129943502824858,0.9011350737797957,0.20146865571185296,0.3483442249702399
LaBSE,0.038283205077248555,0.008451633043545062,0.7871939736346516,0.915279138099902,0.21162685771775683,0.5051264524316591
