encoder,average_time,stdev_time,success_rate,average_mrr,stdev_mrr,carbon_emissions(g_CO2eq)
all-mpnet-base-v2,0.04337686491102373,0.00928287742904459,0.7542372881355932,0.9227319062181447,0.19468204976669684,0.1808993754358228
all-MiniLM-L12-v2,0.049215151851338554,0.010496239437276077,0.7819548872180451,0.9462962962962963,0.15687691773780874,0.34183643839213046
LaBSE,0.03640373787112877,0.007962154621060608,0.9040451552210724,0.9491557223264541,0.17619941794091487,0.5065192350795465
