encoder,average_time,stdev_time,success_rate,average_mrr,stdev_mrr,carbon_emissions(g_CO2eq)
all-mpnet-base-v2,0.0547472126424427,0.011672265691688511,0.31190019193857965,0.7701700154559505,0.28958783911075353,0.25206395258152936
all-MiniLM-L12-v2,0.05422608859257327,0.008536222033935751,0.3861671469740634,0.8188888888888889,0.2586019734709065,0.48128343698297654
LaBSE,0.03856682961334258,0.008809558443553111,0.5265188042430087,0.8738066095471236,0.22079252705940924,0.6312581226105956
