encoder,average_time,stdev_time,success_rate,average_mrr,stdev_mrr,carbon_emissions(g_CO2eq)
all-mpnet-base-v2,0.04016321480612223,0.008531227219309627,0.5708884688090737,0.8650397275822929,0.24206315763362682,0.16346464245110143
all-MiniLM-L12-v2,0.04003911391040924,0.008737788545957687,0.6290018832391714,0.9061573546180159,0.20195039369268056,0.3141542403289005
LaBSE,0.0387597249862843,0.00906231354541593,0.8026315789473685,0.9197834645669292,0.21016613733653744,0.4687769925246318
