encoder,average_time,stdev_time,success_rate,average_mrr,stdev_mrr,carbon_emissions(g_CO2eq)
all-mpnet-base-v2,0.04056304116763979,0.00855529326542649,0.5690140845070423,0.8650229357798165,0.24523752993054396,0.17120177864521122
all-MiniLM-L12-v2,0.03945131995297469,0.008984687621362402,0.6260623229461756,0.9085812356979405,0.19619998427238153,0.31371372685982546
LaBSE,0.03905168291079311,0.008383244890861745,0.7922568460812087,0.9205736894164194,0.20636425370702624,0.4705756422065774
