encoder,average_time,stdev_time,success_rate,average_mrr,stdev_mrr,carbon_emissions(g_CO2eq)
all-mpnet-base-v2,0.06119822110080091,0.01521706630998182,0.5691439322671684,0.8661381653454133,0.2397975599908861,0.21434580803551906
all-MiniLM-L12-v2,0.040041487916071615,0.008831455675607726,0.6174812030075187,0.8992134831460674,0.20436587274233145,0.3675007396312074
LaBSE,0.039499846878622714,0.00906408999734669,0.7839101964452759,0.9191321499013807,0.20619439043175117,0.519982419745747
