encoder,average_time,stdev_time,success_rate,average_mrr,stdev_mrr,carbon_emissions(g_CO2eq)
all-mpnet-base-v2,0.03162326663732529,0.011629014309670706,0.7528409090909091,0.9163471241170534,0.20049226436449805,0.1372227589188603
all-MiniLM-L12-v2,0.03055558016778828,0.010766327777481524,0.7823639774859287,0.9393476044852191,0.17053691463113996,0.2528303966631042
LaBSE,0.02919848364098628,0.01125624079890676,0.8966165413533834,0.9434985968194575,0.18599694745968648,0.37822662590968803
