encoder,average_time,stdev_time,success_rate,average_mrr,stdev_mrr,carbon_emissions(g_CO2eq)
all-mpnet-base-v2,0.03347141286542571,0.012405782105243202,0.5749293119698398,0.8662883087400681,0.2416062790085161,0.13749121993127267
all-MiniLM-L12-v2,0.028964992319599966,0.010723454147103715,0.6161048689138576,0.9064846416382253,0.194962286939737,0.25441159760543547
LaBSE,0.03090185404497986,0.011283991362416432,0.7917059377945335,0.9273366834170854,0.19796866358498516,0.38539317274149826
