encoder,average_time,stdev_time,success_rate,average_mrr,stdev_mrr,carbon_emissions(g_CO2eq)
all-mpnet-base-v2,0.03980415493165785,0.00847436775736882,0.5832549388523048,0.8695505617977528,0.23616932645660002,0.159910682034158
all-MiniLM-L12-v2,0.038592130560812316,0.008366763620631375,0.6069418386491557,0.9014755959137344,0.20081674630604296,0.31306748643325405
LaBSE,0.03856305999358871,0.009204576332610669,0.7928098391674551,0.9292260692464358,0.19900673799192026,0.464279531807027
